{"cameraMode":{"drawMode":0,"name":"Shaded","section":"Shading Mode"},"sceneLighting":false,"audioPlay":false,"sceneViewState":{"showFog":true,"showMaterialUpdate":true,"showSkybox":false,"showFlares":true,"showImageEffects":true,"showParticleSystems":true},"in2DMode":false,"pivot":{"x":-1.736266851425171,"y":-0.1695711612701416,"z":0.3091946244239807},"rotation":{"x":-0.17240792512893678,"y":-0.7058677077293396,"z":0.18127717077732087,"w":-0.6640452146530151},"size":2.825033187866211,"orthographic":false}