{"cameraMode":{"drawMode":0,"name":"Shaded","section":"Shading Mode"},"sceneLighting":false,"audioPlay":false,"sceneViewState":{"showFog":true,"showMaterialUpdate":true,"showSkybox":false,"showFlares":true,"showImageEffects":true,"showParticleSystems":true},"in2DMode":false,"pivot":{"x":1.2092748880386353,"y":0.5281500816345215,"z":-0.00952833890914917},"rotation":{"x":-0.01733911596238613,"y":0.19754639267921449,"z":0.0035064099356532099,"w":0.9802087545394898},"size":4.451587677001953,"orthographic":false}