{"cameraMode":{"drawMode":0,"name":"Shaded","section":"Shading Mode"},"sceneLighting":false,"audioPlay":false,"sceneViewState":{"showFog":true,"showMaterialUpdate":true,"showSkybox":false,"showFlares":true,"showImageEffects":true,"showParticleSystems":true},"in2DMode":false,"pivot":{"x":0.006310880184173584,"y":0.571954071521759,"z":0.0002511143684387207},"rotation":{"x":-0.31988126039505007,"y":-0.43969857692718508,"z":0.16939932107925416,"w":-0.8224801421165466},"size":2.764383554458618,"orthographic":false}