{"cameraMode":{"drawMode":0,"name":"Shaded","section":"Shading Mode"},"sceneLighting":false,"audioPlay":false,"sceneViewState":{"showFog":true,"showMaterialUpdate":true,"showSkybox":false,"showFlares":true,"showImageEffects":true,"showParticleSystems":true},"in2DMode":false,"pivot":{"x":3.424999952316284,"y":0.625,"z":2.4350481033325197},"rotation":{"x":-0.3522598445415497,"y":-0.1435483992099762,"z":0.05191636085510254,"w":-0.924564003944397},"size":3.3660335540771486,"orthographic":false}