{"cameraMode":{"drawMode":0,"name":"Shaded","section":"Shading Mode"},"sceneLighting":false,"audioPlay":false,"sceneViewState":{"showFog":true,"showMaterialUpdate":true,"showSkybox":false,"showFlares":true,"showImageEffects":true,"showParticleSystems":true},"in2DMode":false,"pivot":{"x":1.0018682479858399,"y":1.0650608539581299,"z":4.0},"rotation":{"x":-0.1844893842935562,"y":-0.5559258460998535,"z":0.12184465676546097,"w":-0.8027370572090149},"size":0.3685959279537201,"orthographic":false}