{"cameraMode":{"drawMode":0,"name":"Shaded","section":"Shading Mode"},"sceneLighting":false,"audioPlay":false,"sceneViewState":{"showFog":true,"showMaterialUpdate":true,"showSkybox":false,"showFlares":true,"showImageEffects":true,"showParticleSystems":true},"in2DMode":false,"pivot":{"x":18.928552627563478,"y":-6.555401802062988,"z":-3.1049752235412599},"rotation":{"x":0.11544729769229889,"y":0.7545027732849121,"z":-0.1384705752134323,"w":0.6315481662750244},"size":22.0,"orthographic":false}