{"cameraMode":{"drawMode":0,"name":"Shaded","section":"Shading Mode"},"sceneLighting":false,"audioPlay":false,"sceneViewState":{"showFog":true,"showMaterialUpdate":true,"showSkybox":false,"showFlares":true,"showImageEffects":true,"showParticleSystems":true},"in2DMode":false,"pivot":{"x":-0.31651026010513308,"y":1.4032336473464966,"z":-1.688289999961853},"rotation":{"x":0.015397824347019196,"y":-0.9854488968849182,"z":0.1214640811085701,"w":0.11967355012893677},"size":3.8717687129974367,"orthographic":false}