{"cameraMode":{"drawMode":0,"name":"Shaded","section":"Shading Mode"},"sceneLighting":false,"audioPlay":false,"sceneViewState":{"showFog":true,"showMaterialUpdate":true,"showSkybox":false,"showFlares":true,"showImageEffects":true,"showParticleSystems":true},"in2DMode":false,"pivot":{"x":-0.09619274735450745,"y":1.040978193283081,"z":0.37838494777679446},"rotation":{"x":-0.007340036798268557,"y":0.9921918511390686,"z":-0.10337235778570175,"w":-0.07064343988895416},"size":1.6254651546478272,"orthographic":false}