{"cameraMode":{"drawMode":0,"name":"Shaded","section":"Shading Mode"},"sceneLighting":false,"audioPlay":false,"sceneViewState":{"showFog":true,"showMaterialUpdate":true,"showSkybox":false,"showFlares":true,"showImageEffects":true,"showParticleSystems":true},"in2DMode":false,"pivot":{"x":2.768386125564575,"y":0.3654596209526062,"z":3.3207850456237795},"rotation":{"x":-0.14154531061649323,"y":-0.736588716506958,"z":0.15426720678806306,"w":-0.6449248790740967},"size":1.0892114639282227,"orthographic":false}