{"cameraMode":{"drawMode":0,"name":"Shaded","section":"Shading Mode"},"sceneLighting":false,"audioPlay":false,"sceneViewState":{"showFog":true,"showMaterialUpdate":true,"showSkybox":false,"showFlares":true,"showImageEffects":true,"showParticleSystems":true},"in2DMode":false,"pivot":{"x":-0.05896662548184395,"y":1.794213891029358,"z":2.139375686645508},"rotation":{"x":-0.0007555051706731319,"y":-0.9756625890731812,"z":0.22396303713321687,"w":0.0072919996455311779},"size":2.7893919944763185,"orthographic":false}