{"cameraMode":{"drawMode":0,"name":"Shaded","section":"Shading Mode"},"sceneLighting":false,"audioPlay":false,"sceneViewState":{"showFog":true,"showMaterialUpdate":true,"showSkybox":false,"showFlares":true,"showImageEffects":true,"showParticleSystems":true},"in2DMode":false,"pivot":{"x":-0.3872249722480774,"y":1.6200655698776246,"z":-1.5262072086334229},"rotation":{"x":0.0032150880433619024,"y":-0.9958603382110596,"z":0.03105500154197216,"w":0.08777113258838654},"size":3.8717687129974367,"orthographic":false}