{"cameraMode":{"drawMode":0,"name":"Shaded","section":"Shading Mode"},"sceneLighting":false,"audioPlay":false,"sceneViewState":{"showFog":true,"showMaterialUpdate":true,"showSkybox":false,"showFlares":true,"showImageEffects":true,"showParticleSystems":true},"in2DMode":false,"pivot":{"x":-0.0296938419342041,"y":0.7521522641181946,"z":0.0},"rotation":{"x":0.026371857151389123,"y":0.9289276599884033,"z":-0.06726944446563721,"w":0.3634033203125},"size":3.8717687129974367,"orthographic":false}