{"cameraMode":{"drawMode":0,"name":"Shaded","section":"Shading Mode"},"sceneLighting":false,"audioPlay":false,"sceneViewState":{"showFog":true,"showMaterialUpdate":true,"showSkybox":false,"showFlares":true,"showImageEffects":true,"showParticleSystems":true},"in2DMode":false,"pivot":{"x":2.072613477706909,"y":-1.813671350479126,"z":0.44786208868026736},"rotation":{"x":-0.28835126757621767,"y":-0.40862101316452029,"z":0.13700753450393678,"w":-0.8561215400695801},"size":8.782120704650879,"orthographic":false}