{"cameraMode":{"drawMode":0,"name":"Shaded","section":"Shading Mode"},"sceneLighting":false,"audioPlay":false,"sceneViewState":{"showFog":true,"showMaterialUpdate":true,"showSkybox":false,"showFlares":true,"showImageEffects":true,"showParticleSystems":true},"in2DMode":false,"pivot":{"x":-0.10189391672611237,"y":0.7358384132385254,"z":-0.24600441753864289},"rotation":{"x":0.03076646476984024,"y":-0.9698565602302551,"z":0.17612071335315705,"w":0.16682271659374238},"size":3.8717687129974367,"orthographic":false}