{"cameraMode":{"drawMode":0,"name":"Shaded","section":"Shading Mode"},"sceneLighting":false,"audioPlay":false,"sceneViewState":{"showFog":true,"showMaterialUpdate":true,"showSkybox":false,"showFlares":true,"showImageEffects":true,"showParticleSystems":true},"in2DMode":false,"pivot":{"x":23.13058853149414,"y":-16.99652862548828,"z":4.244123458862305},"rotation":{"x":0.2685859501361847,"y":-0.05068882182240486,"z":0.016544369980692865,"w":0.9629653692245483},"size":17.520536422729493,"orthographic":false}