{"cameraMode":{"drawMode":0,"name":"Shaded","section":"Shading Mode"},"sceneLighting":false,"audioPlay":false,"sceneViewState":{"showFog":true,"showMaterialUpdate":true,"showSkybox":false,"showFlares":true,"showImageEffects":true,"showParticleSystems":true},"in2DMode":false,"pivot":{"x":-10.214789390563965,"y":1.3839757442474366,"z":15.084702491760254},"rotation":{"x":0.17084357142448426,"y":0.14955224096775056,"z":-0.026580505073070527,"w":0.9738414883613586},"size":3.2882776260375978,"orthographic":false}