{"cameraMode":{"drawMode":0,"name":"Shaded","section":"Shading Mode"},"sceneLighting":true,"audioPlay":false,"sceneViewState":{"showFog":true,"showMaterialUpdate":true,"showSkybox":false,"showFlares":true,"showImageEffects":true,"showParticleSystems":true},"in2DMode":false,"pivot":{"x":-0.8623489141464233,"y":0.5490549802780151,"z":-0.3661463260650635},"rotation":{"x":0.2500152587890625,"y":-0.10090184211730957,"z":0.02799312397837639,"w":0.9632815718650818},"size":24.403200149536134,"orthographic":false}