{"cameraMode":{"drawMode":0,"name":"Shaded","section":"Shading Mode"},"sceneLighting":true,"audioPlay":false,"sceneViewState":{"showFog":true,"showMaterialUpdate":true,"showSkybox":true,"showFlares":true,"showImageEffects":true,"showParticleSystems":true},"in2DMode":false,"pivot":{"x":-36.66619110107422,"y":-110.18971252441406,"z":94.36639404296875},"rotation":{"x":-0.3301335573196411,"y":0.05476706475019455,"z":-0.018482370302081109,"w":-0.9424431920051575},"size":255.75584411621095,"orthographic":false}