{"cameraMode":{"drawMode":0,"name":"Shaded","section":"Shading Mode"},"sceneLighting":false,"audioPlay":false,"sceneViewState":{"showFog":true,"showMaterialUpdate":true,"showSkybox":false,"showFlares":true,"showImageEffects":true,"showParticleSystems":true},"in2DMode":false,"pivot":{"x":-33.96936798095703,"y":1.2180016040802003,"z":1.5275874137878419},"rotation":{"x":0.16532926261425019,"y":0.13653549551963807,"z":-0.023451978340744973,"w":0.9767810106277466},"size":2.9882760047912599,"orthographic":false}