{"cameraMode":{"drawMode":0,"name":"Shaded","section":"Shading Mode"},"sceneLighting":false,"audioPlay":false,"sceneViewState":{"showFog":true,"showMaterialUpdate":true,"showSkybox":false,"showFlares":true,"showImageEffects":true,"showParticleSystems":true},"in2DMode":false,"pivot":{"x":-1.8413515090942383,"y":1.9914543628692628,"z":-13.98484992980957},"rotation":{"x":-0.019860245287418367,"y":-0.9772748947143555,"z":0.09755566716194153,"w":-0.19223636388778687},"size":32.6307373046875,"orthographic":false}