{"cameraMode":{"drawMode":0,"name":"Shaded","section":"Shading Mode"},"sceneLighting":false,"audioPlay":false,"sceneViewState":{"showFog":true,"showMaterialUpdate":true,"showSkybox":false,"showFlares":true,"showImageEffects":true,"showParticleSystems":true},"in2DMode":false,"pivot":{"x":5.077485084533691,"y":-1.9551336765289307,"z":-2.6754205226898195},"rotation":{"x":0.06910409033298493,"y":0.8947277665138245,"z":-0.14494676887989045,"w":0.41894426941871645},"size":8.718854904174805,"orthographic":false}