{"cameraMode":{"drawMode":0,"name":"Shaded","section":"Shading Mode"},"sceneLighting":false,"audioPlay":false,"sceneViewState":{"showFog":true,"showMaterialUpdate":true,"showSkybox":false,"showFlares":true,"showImageEffects":true,"showParticleSystems":true},"in2DMode":false,"pivot":{"x":-5.960464477539063e-8,"y":0.42403823137283327,"z":-0.0000011920928955078126},"rotation":{"x":-0.26199668645858767,"y":0.0948820635676384,"z":-0.025348428636789323,"w":-0.9609526991844177},"size":3.1644320487976076,"orthographic":false}