{"cameraMode":{"drawMode":0,"name":"Shaded","section":"Shading Mode"},"sceneLighting":false,"audioPlay":false,"sceneViewState":{"showFog":true,"showMaterialUpdate":true,"showSkybox":false,"showFlares":true,"showImageEffects":true,"showParticleSystems":true},"in2DMode":false,"pivot":{"x":0.6741281747817993,"y":2.8086071014404299,"z":-1.2152230739593506},"rotation":{"x":0.02945186384022236,"y":-0.9669954180717468,"z":0.21944591403007508,"w":0.12772230803966523},"size":3.8717687129974367,"orthographic":false}