{"cameraMode":{"drawMode":0,"name":"Shaded","section":"Shading Mode"},"sceneLighting":false,"audioPlay":false,"sceneViewState":{"showFog":true,"showMaterialUpdate":true,"showSkybox":false,"showFlares":true,"showImageEffects":true,"showParticleSystems":true},"in2DMode":false,"pivot":{"x":2.346097469329834,"y":0.9123198390007019,"z":2.0135610103607179},"rotation":{"x":0.022683145478367807,"y":-0.9736424684524536,"z":0.17102614045143128,"w":0.156802698969841},"size":0.7821542620658875,"orthographic":false}