{"cameraMode":{"drawMode":0,"name":"Shaded","section":"Shading Mode"},"sceneLighting":false,"audioPlay":false,"sceneViewState":{"showFog":true,"showMaterialUpdate":true,"showSkybox":false,"showFlares":true,"showImageEffects":true,"showParticleSystems":true},"in2DMode":false,"pivot":{"x":-1.0404757261276246,"y":-1.2497202157974244,"z":0.22742319107055665},"rotation":{"x":0.024162817746400834,"y":0.11012312769889832,"z":-0.002668052678927779,"w":0.9936946034431458},"size":4.451587677001953,"orthographic":false}