{"cameraMode":{"drawMode":0,"name":"Shaded","section":"Shading Mode"},"sceneLighting":true,"audioPlay":false,"sceneViewState":{"showFog":true,"showMaterialUpdate":true,"showSkybox":false,"showFlares":true,"showImageEffects":true,"showParticleSystems":true},"in2DMode":false,"pivot":{"x":0.22239065170288087,"y":0.39203977584838869,"z":4.974903583526611},"rotation":{"x":0.1955416351556778,"y":-0.19126513600349427,"z":0.044640544801950458,"w":0.9620762467384338},"size":36.00933837890625,"orthographic":false}