{"cameraMode":{"drawMode":0,"name":"Shaded","section":"Shading Mode"},"sceneLighting":false,"audioPlay":false,"sceneViewState":{"showFog":true,"showMaterialUpdate":true,"showSkybox":false,"showFlares":true,"showImageEffects":true,"showParticleSystems":true},"in2DMode":false,"pivot":{"x":1302.2203369140625,"y":906.6375122070313,"z":154.69288635253907},"rotation":{"x":0.03180057182908058,"y":-0.01649586483836174,"z":0.0005235141143202782,"w":0.9993771910667419},"size":470.81787109375,"orthographic":false}